{"Tmp Unet loss": 0.2758370339870453, "Tmp Reconstruction loss": 0.18084515631198883, "_timestamp": 1687468228.506211, "_runtime": 374.41214895248413, "_step": 0}