{"Tmp Unet loss": 0.2791847586631775, "Tmp Reconstruction loss": 0.13441666960716248, "_timestamp": 1687455866.554633, "_runtime": 365.97549200057983, "_step": 0}